idx,label
nolabel (1).jpg,Fake
nolabel (10).jpg,Fake
nolabel (100).jpg,Fake
nolabel (101).jpg,Fake
nolabel (102).jpg,Fake
nolabel (103).jpg,Real
nolabel (104).jpg,Fake
nolabel (105).jpg,Fake
nolabel (106).jpg,Fake
nolabel (107).jpg,Fake
nolabel (108).jpg,Fake
nolabel (109).jpg,Fake
nolabel (11).jpg,Fake
nolabel (110).jpg,Fake
nolabel (111).jpg,Real
nolabel (112).jpg,Fake
nolabel (113).jpg,Fake
nolabel (114).jpg,Fake
nolabel (115).jpg,Real
nolabel (116).jpg,Fake
nolabel (117).jpg,Fake
nolabel (118).jpg,Real
nolabel (119).jpg,Fake
nolabel (12).jpg,Fake
nolabel (120).jpg,Fake
nolabel (121).jpg,Real
nolabel (122).jpg,Fake
nolabel (123).jpg,Fake
nolabel (124).jpg,Real
nolabel (125).jpg,Fake
nolabel (126).jpg,Real
nolabel (127).jpg,Fake
nolabel (128).jpg,Fake
nolabel (129).jpg,Fake
nolabel (13).jpg,Fake
nolabel (130).jpg,Real
nolabel (131).jpg,Fake
nolabel (132).jpg,Fake
nolabel (133).jpg,Fake
nolabel (134).jpg,Real
nolabel (135).jpg,Real
nolabel (136).jpg,Fake
nolabel (137).jpg,Fake
nolabel (138).jpg,Real
nolabel (139).jpg,Fake
nolabel (14).jpg,Fake
nolabel (140).jpg,Fake
nolabel (141).jpg,Fake
nolabel (142).jpg,Fake
nolabel (143).jpg,Fake
nolabel (144).jpg,Fake
nolabel (145).jpg,Real
nolabel (146).jpg,Fake
nolabel (147).jpg,Real
nolabel (148).jpg,Fake
nolabel (149).jpg,Real
nolabel (15).jpg,Fake
nolabel (150).jpg,Fake
nolabel (151).jpg,Fake
nolabel (152).jpg,Fake
nolabel (153).jpg,Real
nolabel (154).jpg,Fake
nolabel (155).jpg,Real
nolabel (156).jpg,Fake
nolabel (157).jpg,Fake
nolabel (158).jpg,Fake
nolabel (159).jpg,Fake
nolabel (16).jpg,Fake
nolabel (160).jpg,Fake
nolabel (161).jpg,Real
nolabel (162).jpg,Real
nolabel (163).jpg,Fake
nolabel (164).jpg,Fake
nolabel (165).jpg,Fake
nolabel (166).jpg,Real
nolabel (167).jpg,Fake
nolabel (168).jpg,Fake
nolabel (169).jpg,Fake
nolabel (17).jpg,Fake
nolabel (170).jpg,Fake
nolabel (171).jpg,Fake
nolabel (172).jpg,Fake
nolabel (173).jpg,Fake
nolabel (174).jpg,Real
nolabel (175).jpg,Fake
nolabel (176).jpg,Fake
nolabel (177).jpg,Fake
nolabel (178).jpg,Fake
nolabel (179).jpg,Real
nolabel (18).jpg,Fake
nolabel (180).jpg,Fake
nolabel (181).jpg,Fake
nolabel (182).jpg,Fake
nolabel (183).jpg,Real
nolabel (184).jpg,Fake
nolabel (185).jpg,Fake
nolabel (186).jpg,Fake
nolabel (187).jpg,Real
nolabel (188).jpg,Fake
nolabel (189).jpg,Fake
nolabel (19).jpg,Fake
nolabel (190).jpg,Real
nolabel (191).jpg,Fake
nolabel (192).jpg,Real
nolabel (193).jpg,Real
nolabel (194).jpg,Fake
nolabel (195).jpg,Fake
nolabel (196).jpg,Fake
nolabel (197).jpg,Real
nolabel (198).jpg,Fake
nolabel (199).jpg,Fake
nolabel (2).jpg,Fake
nolabel (20).jpg,Fake
nolabel (200).jpg,Real
nolabel (201).jpg,Fake
nolabel (202).jpg,Fake
nolabel (203).jpg,Fake
nolabel (204).jpg,Fake
nolabel (205).jpg,Real
nolabel (206).jpg,Real
nolabel (207).jpg,Real
nolabel (208).jpg,Fake
nolabel (209).jpg,Fake
nolabel (21).jpg,Fake
nolabel (210).jpg,Fake
nolabel (211).jpg,Fake
nolabel (212).jpg,Real
nolabel (213).jpg,Fake
nolabel (214).jpg,Fake
nolabel (215).jpg,Fake
nolabel (216).jpg,Fake
nolabel (217).jpg,Fake
nolabel (218).jpg,Real
nolabel (219).jpg,Fake
nolabel (22).jpg,Fake
nolabel (220).jpg,Fake
nolabel (221).jpg,Fake
nolabel (222).jpg,Fake
nolabel (223).jpg,Fake
nolabel (224).jpg,Real
nolabel (225).jpg,Fake
nolabel (226).jpg,Fake
nolabel (227).jpg,Fake
nolabel (228).jpg,Fake
nolabel (229).jpg,Fake
nolabel (23).jpg,Fake
nolabel (230).jpg,Fake
nolabel (231).jpg,Fake
nolabel (232).jpg,Real
nolabel (233).jpg,Fake
nolabel (234).jpg,Real
nolabel (235).jpg,Fake
nolabel (236).jpg,Fake
nolabel (237).jpg,Fake
nolabel (238).jpg,Fake
nolabel (239).jpg,Fake
nolabel (24).jpg,Fake
nolabel (240).jpg,Fake
nolabel (241).jpg,Real
nolabel (242).jpg,Fake
nolabel (243).jpg,Fake
nolabel (244).jpg,Fake
nolabel (245).jpg,Real
nolabel (246).jpg,Real
nolabel (247).jpg,Fake
nolabel (248).jpg,Fake
nolabel (249).jpg,Fake
nolabel (25).jpg,Fake
nolabel (250).jpg,Fake
nolabel (251).jpg,Real
nolabel (252).jpg,Real
nolabel (253).jpg,Fake
nolabel (254).jpg,Fake
nolabel (255).jpg,Real
nolabel (256).jpg,Fake
nolabel (257).jpg,Real
nolabel (258).jpg,Real
nolabel (259).jpg,Real
nolabel (26).jpg,Fake
nolabel (260).jpg,Real
nolabel (261).jpg,Real
nolabel (262).jpg,Fake
nolabel (263).jpg,Fake
nolabel (264).jpg,Real
nolabel (265).jpg,Real
nolabel (266).jpg,Fake
nolabel (267).jpg,Real
nolabel (268).jpg,Real
nolabel (269).jpg,Real
nolabel (27).jpg,Fake
nolabel (270).jpg,Real
nolabel (271).jpg,Fake
nolabel (272).jpg,Real
nolabel (273).jpg,Real
nolabel (274).jpg,Real
nolabel (275).jpg,Fake
nolabel (276).jpg,Fake
nolabel (277).jpg,Real
nolabel (278).jpg,Real
nolabel (279).jpg,Real
nolabel (28).jpg,Fake
nolabel (280).jpg,Real
nolabel (281).jpg,Real
nolabel (282).jpg,Real
nolabel (283).jpg,Real
nolabel (284).jpg,Real
nolabel (285).jpg,Real
nolabel (286).jpg,Fake
nolabel (287).jpg,Real
nolabel (288).jpg,Real
nolabel (289).jpg,Real
nolabel (29).jpg,Fake
nolabel (290).jpg,Real
nolabel (291).jpg,Fake
nolabel (292).jpg,Real
nolabel (293).jpg,Real
nolabel (294).jpg,Real
nolabel (295).jpg,Real
nolabel (296).jpg,Real
nolabel (297).jpg,Fake
nolabel (298).jpg,Real
nolabel (299).jpg,Real
nolabel (3).jpg,Fake
nolabel (30).jpg,Fake
nolabel (300).jpg,Real
nolabel (301).jpg,Fake
nolabel (302).jpg,Real
nolabel (303).jpg,Fake
nolabel (304).jpg,Real
nolabel (305).jpg,Real
nolabel (306).jpg,Fake
nolabel (307).jpg,Real
nolabel (308).jpg,Real
nolabel (309).jpg,Real
nolabel (31).jpg,Fake
nolabel (310).jpg,Real
nolabel (311).jpg,Fake
nolabel (312).jpg,Real
nolabel (313).jpg,Fake
nolabel (314).jpg,Real
nolabel (315).jpg,Real
nolabel (316).jpg,Fake
nolabel (317).jpg,Real
nolabel (318).jpg,Real
nolabel (319).jpg,Real
nolabel (32).jpg,Fake
nolabel (320).jpg,Real
nolabel (321).jpg,Fake
nolabel (322).jpg,Fake
nolabel (323).jpg,Real
nolabel (324).jpg,Real
nolabel (325).jpg,Fake
nolabel (326).jpg,Real
nolabel (327).jpg,Real
nolabel (328).jpg,Real
nolabel (329).jpg,Real
nolabel (33).jpg,Fake
nolabel (330).jpg,Fake
nolabel (331).jpg,Real
nolabel (332).jpg,Real
nolabel (333).jpg,Real
nolabel (334).jpg,Fake
nolabel (335).jpg,Real
nolabel (336).jpg,Real
nolabel (337).jpg,Real
nolabel (338).jpg,Real
nolabel (339).jpg,Fake
nolabel (34).jpg,Fake
nolabel (340).jpg,Real
nolabel (341).jpg,Fake
nolabel (342).jpg,Real
nolabel (343).jpg,Real
nolabel (344).jpg,Real
nolabel (345).jpg,Fake
nolabel (346).jpg,Real
nolabel (347).jpg,Fake
nolabel (348).jpg,Real
nolabel (349).jpg,Real
nolabel (35).jpg,Fake
nolabel (350).jpg,Real
nolabel (351).jpg,Real
nolabel (352).jpg,Real
nolabel (353).jpg,Real
nolabel (354).jpg,Real
nolabel (355).jpg,Real
nolabel (356).jpg,Fake
nolabel (357).jpg,Real
nolabel (358).jpg,Real
nolabel (359).jpg,Real
nolabel (36).jpg,Fake
nolabel (360).jpg,Real
nolabel (361).jpg,Real
nolabel (362).jpg,Real
nolabel (363).jpg,Real
nolabel (364).jpg,Real
nolabel (365).jpg,Real
nolabel (366).jpg,Fake
nolabel (367).jpg,Fake
nolabel (368).jpg,Real
nolabel (369).jpg,Real
nolabel (37).jpg,Fake
nolabel (370).jpg,Fake
nolabel (371).jpg,Real
nolabel (372).jpg,Real
nolabel (373).jpg,Fake
nolabel (374).jpg,Real
nolabel (375).jpg,Real
nolabel (376).jpg,Real
nolabel (377).jpg,Real
nolabel (378).jpg,Fake
nolabel (379).jpg,Real
nolabel (38).jpg,Fake
nolabel (380).jpg,Real
nolabel (381).jpg,Real
nolabel (382).jpg,Fake
nolabel (383).jpg,Real
nolabel (384).jpg,Fake
nolabel (385).jpg,Fake
nolabel (386).jpg,Real
nolabel (387).jpg,Real
nolabel (388).jpg,Real
nolabel (389).jpg,Real
nolabel (39).jpg,Fake
nolabel (390).jpg,Real
nolabel (391).jpg,Real
nolabel (392).jpg,Real
nolabel (393).jpg,Fake
nolabel (394).jpg,Real
nolabel (395).jpg,Real
nolabel (396).jpg,Real
nolabel (397).jpg,Fake
nolabel (398).jpg,Fake
nolabel (399).jpg,Real
nolabel (4).jpg,Fake
nolabel (40).jpg,Fake
nolabel (400).jpg,Real
nolabel (401).jpg,Fake
nolabel (402).jpg,Real
nolabel (403).jpg,Real
nolabel (404).jpg,Real
nolabel (405).jpg,Fake
nolabel (406).jpg,Real
nolabel (407).jpg,Real
nolabel (408).jpg,Fake
nolabel (409).jpg,Real
nolabel (41).jpg,Fake
nolabel (410).jpg,Real
nolabel (411).jpg,Real
nolabel (412).jpg,Fake
nolabel (413).jpg,Real
nolabel (414).jpg,Real
nolabel (415).jpg,Fake
nolabel (416).jpg,Real
nolabel (417).jpg,Real
nolabel (418).jpg,Real
nolabel (419).jpg,Real
nolabel (42).jpg,Fake
nolabel (420).jpg,Real
nolabel (421).jpg,Real
nolabel (422).jpg,Real
nolabel (423).jpg,Real
nolabel (424).jpg,Real
nolabel (425).jpg,Real
nolabel (426).jpg,Real
nolabel (427).jpg,Real
nolabel (428).jpg,Real
nolabel (429).jpg,Real
nolabel (43).jpg,Fake
nolabel (430).jpg,Real
nolabel (431).jpg,Real
nolabel (432).jpg,Fake
nolabel (433).jpg,Real
nolabel (434).jpg,Real
nolabel (435).jpg,Fake
nolabel (436).jpg,Real
nolabel (437).jpg,Real
nolabel (438).jpg,Fake
nolabel (439).jpg,Real
nolabel (44).jpg,Fake
nolabel (440).jpg,Real
nolabel (441).jpg,Fake
nolabel (442).jpg,Real
nolabel (443).jpg,Real
nolabel (444).jpg,Fake
nolabel (445).jpg,Fake
nolabel (446).jpg,Real
nolabel (447).jpg,Real
nolabel (448).jpg,Real
nolabel (449).jpg,Real
nolabel (45).jpg,Fake
nolabel (450).jpg,Real
nolabel (451).jpg,Real
nolabel (452).jpg,Real
nolabel (453).jpg,Real
nolabel (454).jpg,Real
nolabel (455).jpg,Real
nolabel (456).jpg,Real
nolabel (457).jpg,Real
nolabel (458).jpg,Real
nolabel (459).jpg,Real
nolabel (46).jpg,Fake
nolabel (460).jpg,Fake
nolabel (461).jpg,Real
nolabel (462).jpg,Real
nolabel (463).jpg,Real
nolabel (464).jpg,Fake
nolabel (465).jpg,Fake
nolabel (466).jpg,Real
nolabel (467).jpg,Real
nolabel (468).jpg,Real
nolabel (469).jpg,Real
nolabel (47).jpg,Fake
nolabel (470).jpg,Real
nolabel (471).jpg,Real
nolabel (472).jpg,Real
nolabel (473).jpg,Real
nolabel (474).jpg,Fake
nolabel (475).jpg,Fake
nolabel (476).jpg,Real
nolabel (477).jpg,Real
nolabel (478).jpg,Real
nolabel (479).jpg,Real
nolabel (48).jpg,Fake
nolabel (480).jpg,Real
nolabel (481).jpg,Real
nolabel (482).jpg,Real
nolabel (483).jpg,Real
nolabel (484).jpg,Real
nolabel (485).jpg,Real
nolabel (486).jpg,Real
nolabel (487).jpg,Fake
nolabel (488).jpg,Real
nolabel (489).jpg,Real
nolabel (49).jpg,Fake
nolabel (490).jpg,Real
nolabel (491).jpg,Real
nolabel (492).jpg,Real
nolabel (493).jpg,Real
nolabel (494).jpg,Real
nolabel (495).jpg,Fake
nolabel (496).jpg,Fake
nolabel (497).jpg,Real
nolabel (498).jpg,Real
nolabel (499).jpg,Real
nolabel (5).jpg,Fake
nolabel (50).jpg,Fake
nolabel (500).jpg,Real
nolabel (501).jpg,Real
nolabel (502).jpg,Real
nolabel (503).jpg,Real
nolabel (51).jpg,Fake
nolabel (52).jpg,Real
nolabel (53).jpg,Fake
nolabel (54).jpg,Real
nolabel (55).jpg,Real
nolabel (56).jpg,Real
nolabel (57).jpg,Fake
nolabel (58).jpg,Fake
nolabel (59).jpg,Fake
nolabel (6).jpg,Fake
nolabel (60).jpg,Fake
nolabel (61).jpg,Fake
nolabel (62).jpg,Real
nolabel (63).jpg,Real
nolabel (64).jpg,Real
nolabel (65).jpg,Fake
nolabel (66).jpg,Fake
nolabel (67).jpg,Fake
nolabel (68).jpg,Fake
nolabel (69).jpg,Real
nolabel (7).jpg,Fake
nolabel (70).jpg,Fake
nolabel (71).jpg,Fake
nolabel (72).jpg,Fake
nolabel (73).jpg,Real
nolabel (74).jpg,Fake
nolabel (75).jpg,Real
nolabel (76).jpg,Fake
nolabel (77).jpg,Fake
nolabel (78).jpg,Fake
nolabel (79).jpg,Fake
nolabel (8).jpg,Fake
nolabel (80).jpg,Fake
nolabel (81).jpg,Fake
nolabel (82).jpg,Fake
nolabel (83).jpg,Fake
nolabel (84).jpg,Real
nolabel (85).jpg,Real
nolabel (86).jpg,Fake
nolabel (87).jpg,Fake
nolabel (88).jpg,Fake
nolabel (89).jpg,Fake
nolabel (9).jpg,Fake
nolabel (90).jpg,Fake
nolabel (91).jpg,Fake
nolabel (92).jpg,Fake
nolabel (93).jpg,Fake
nolabel (94).jpg,Real
nolabel (95).jpg,Fake
nolabel (96).jpg,Fake
nolabel (97).jpg,Fake
nolabel (98).jpg,Fake
nolabel (99).jpg,Fake
